issue,date,d1,d2,d3
2026263,2026-09-30,1,7,1
2026262,2026-09-29,2,7,3
2026261,2026-09-28,5,3,8
2026260,2026-09-27,4,4,9
2026259,2026-09-26,3,7,9
2026258,2026-09-25,1,3,7
2026257,2026-09-24,4,9,3
2026256,2026-09-23,6,9,0
2026255,2026-09-22,7,6,4
2026254,2026-09-21,0,6,9
2026253,2026-09-20,8,9,3
2026252,2026-09-19,1,9,0
2026251,2026-09-18,2,3,7
2026250,2026-09-17,9,8,5
2026249,2026-09-16,8,7,2
2026248,2026-09-15,1,2,6
2026247,2026-09-14,0,5,1
2026246,2026-09-13,2,8,6
2026245,2026-09-12,1,2,5
2026244,2026-09-11,6,2,0
2026243,2026-09-10,9,1,5
2026242,2026-09-09,2,4,4
2026241,2026-09-08,0,5,0
2026240,2026-09-07,5,7,9
2026239,2026-09-06,4,7,0
2026238,2026-09-05,3,6,1
2026237,2026-09-04,9,5,0
2026236,2026-09-03,1,7,3
2026235,2026-09-02,7,7,9
2026234,2026-09-01,3,0,1
2026233,2026-08-31,1,6,3
2026232,2026-08-30,8,0,2
2026231,2026-08-29,1,8,7
2026230,2026-08-28,9,4,6
2026229,2026-08-27,2,8,0
2026228,2026-08-26,5,6,0
2026227,2026-08-25,4,3,1
2026226,2026-08-24,2,0,1
2026225,2026-08-23,1,1,6
2026224,2026-08-22,9,1,2
2026223,2026-08-21,2,2,3
2026222,2026-08-20,8,7,7
2026221,2026-08-19,9,6,9
2026220,2026-08-18,4,8,2
2026219,2026-08-17,6,6,2
2026218,2026-08-16,0,7,9
2026217,2026-08-15,0,1,9
2026216,2026-08-14,9,5,3
2026215,2026-08-13,9,2,7
2026214,2026-08-12,0,1,4
2026213,2026-08-11,7,4,0
2026212,2026-08-10,8,3,9
2026211,2026-08-09,5,1,5
2026210,2026-08-08,0,9,4
2026209,2026-08-07,9,8,2
2026208,2026-08-06,4,7,1
2026207,2026-08-05,8,6,6
2026206,2026-08-04,7,0,9
2026205,2026-08-03,8,0,6
2026204,2026-08-02,6,7,4
2026203,2026-08-01,1,3,5
2026202,2026-07-31,9,6,1
2026201,2026-07-30,8,6,2
2026200,2026-07-29,0,7,7
2026199,2026-07-28,3,0,5
2026198,2026-07-27,7,1,9
2026197,2026-07-26,4,7,3
2026196,2026-07-25,7,2,6
2026195,2026-07-24,5,9,5
2026194,2026-07-23,7,0,1
2026193,2026-07-22,1,8,0
2026192,2026-07-21,3,0,6
2026191,2026-07-20,0,6,9
2026190,2026-07-19,5,5,4
2026189,2026-07-18,9,5,0
2026188,2026-07-17,6,0,7
2026187,2026-07-16,0,8,6
2026186,2026-07-15,6,6,5
2026185,2026-07-14,7,8,5
2026184,2026-07-13,1,4,2
2026183,2026-07-12,3,5,2
2026182,2026-07-11,3,1,3
2026181,2026-07-10,1,2,4
2026180,2026-07-09,0,0,5
2026179,2026-07-08,3,9,6
2026178,2026-07-07,8,3,7
2026177,2026-07-06,8,2,6
2026176,2026-07-05,5,8,4
2026175,2026-07-04,8,3,8
2026174,2026-07-03,1,5,7
2026173,2026-07-02,2,5,9
2026172,2026-07-01,7,7,1
2026171,2026-06-30,0,4,8
2026170,2026-06-29,4,1,7
2026169,2026-06-28,8,8,4
2026168,2026-06-27,1,9,2
2026167,2026-06-26,0,1,2
2026166,2026-06-25,2,2,9
2026165,2026-06-24,2,9,4
2026164,2026-06-23,7,1,5
